Questions,LLM Response,True Response,Grade
What is the body effect in MOSFETs?,"Okay, let's break down the body effect in MOSFETs, based on the provided text.

### The Body Effect ðŸ§²

*   **The Setup**: In a MOSFET, the substrate (or body) is usually connected to the source terminal. But in integrated circuits, the substrate is common to many transistors.
*   **The Effect**: The voltage between the source and body (VSB) affects the threshold voltage (Vt).
*   **What it means**: Changing VSB can change the current (iD) flowing through the transistor, even if the gate voltage (vGS) stays the same.
*   **Analogy**: Think of the body as another ""gate"" controlling the transistor's behavior. The body-effect parameter (Î³) quantifies this effect.
*   **In essence**: The body effect means the body voltage influences how the transistor behaves, acting like an additional control knob.","Sure! Here's a breakdown: The Body Effect - Itâ€™s when the voltage between the source and the body (VSB) impacts the threshold voltage (VT) - As VSB increases, VT also increases, making it harder to turn the MOSFET on - Even with a constant gate voltage, changes in body voltage shift behavior Think of it like increasing resistance in a pipe â€” the more you push against it from the body, the harder it is to get flow (current) going!",
What is a FET?,"Based on the provided text, here's what a FET is:

### Field-Effect Transistor (FET) ðŸ’¡

*   **Name Origin:** The name ""field-effect transistor"" (FET) comes from how it works.
*   **How it Works:** A FET controls the current flowing through a channel using an electric field.
*   **Gate Control:** The voltage applied to the gate controls the amount of charge in the channel. This, in turn, determines the channel's conductivity and the current flow.
*   **Structure:** A FET has a gate electrode insulated from the device body by an oxide layer. This insulation is why the gate current is extremely small.
*   **Threshold Voltage:** The gate voltage (vGS) must exceed the threshold voltage (Vt) for a channel to form.
*   **Overdrive Voltage:** The excess of vGS over Vt is called the effective or overdrive voltage (vOV). This determines the charge in the channel.","Got it! Letâ€™s simplify: FET (Field Effect Transistor) - Itâ€™s a type of transistor that controls current using an electric field - It has three terminals: Source, Gate, and Drain - You control it by applying voltage to the gate â€” no current actually flows into the gate (ideal case) Imagine it like a water valve that opens or closes based on your hand waving near a sensor (thatâ€™s the field)!",
What is a MOSFET?,"Based on the context you provided, here's what a MOSFET is:

### MOSFET ðŸ’¡

*   **What it stands for:** Metal-Oxide-Semiconductor Field-Effect Transistor
*   **Another name:** Insulated-Gate FET (IGFET)
*   **How it works:** It's a three-terminal device where the voltage between two terminals controls the current flowing in the third terminal. Think of it like a switch or a controlled source.
*   **Key Feature:** The gate electrode is insulated from the device body by an oxide layer. This insulation makes the current in the gate terminal extremely small.
*   **Why it's important:** It's widely used, especially in integrated circuits (ICs), and can be made small, uses little power, and is relatively simple to manufacture.
*   **Two Major Types of Transistors:** MOSFET and Bipolar Junction Transistor (BJT)",Absolutely! Hereâ€™s the scoop: MOSFET = Metal-Oxide-Semiconductor Field-Effect Transistor - Itâ€™s a type of FET with a gate made using a metal-oxide layer - Applying voltage at the gate creates an electric field that controls current flow from source to drain - There are two types: NMOS and PMOS Think of it like a faucet controlled by a touch sensor â€” your touch (gate voltage) decides the water flow (current)!,
Why are MOSFETs also called IGFETs?,"Based on the provided text, here's why MOSFETs are also known as IGFETs:

*   **Structure-Based Name:** The name IGFET (Insulated-Gate FET) comes from the physical structure of the device.
*   **Insulated Gate:** It emphasizes that the gate electrode is electrically insulated from the device body by an oxide layer.
*   **Tiny Gate Current:** This insulation is the reason the current flowing into the gate terminal is extremely small. ðŸ’¡","Great question! Letâ€™s break it down: IGFET = Insulated Gate FET - The â€œmetalâ€ in MOSFET has evolved, so â€œIGFETâ€ reflects the fact that the gate is insulated by an oxide - Both names refer to the same device â€” IGFET is more generic and up-to-date Itâ€™s like calling a phone â€œsmartphoneâ€ instead of â€œcellphoneâ€ â€” both are right, but one highlights newer design!",
What is a PMOS?,"Based on the provided text, here's a breakdown of what a PMOS transistor is:

### PMOS Explained ðŸ’¡

*   **Type:** PMOS stands for ""P-channel Metal-Oxide-Semiconductor"" transistor.
*   **How it works:**
    *   A negative voltage (vDS) is applied to the drain to cause current (iD) to flow.
    *   The current is carried by ""holes,"" which are essentially the absence of electrons, flowing from the source to the drain.
    *   To turn a PMOS transistor on, the gate voltage has to be made lower than that of the source by at least |Vtp|.
*   **Construction:**
    *   PMOS transistors are fabricated in a special ""n region"" called an ""n well.""
    *   This is different from NMOS transistors, which are built directly in the p-type substrate.
*   **History:** PMOS technology was used in early microprocessors.
*   **CMOS:** PMOS transistors are used in Complementary MOS (CMOS) technology, which uses both PMOS and NMOS transistors.","Happy to help! PMOS (P-type MOSFET) - Uses holes (positive charge carriers) to conduct current - Turns on when the gate is at a lower voltage than the source (typically negative) - Opposite behavior of NMOS (which uses electrons) Think of PMOS and NMOS like opposite poles of a magnet â€” one attracts when the voltage is low, the other when itâ€™s high!",
What is the saturation region in MOSFETs?,"Okay, let's break down the saturation region in MOSFETs!

### Saturation Region in MOSFETs ðŸš¦

-   Think of a MOSFET like a water valve. You control the water flow (current) with the handle (gate voltage).
-   In the saturation region, the valve is *mostly* open, but the water flow is limited by the size of the pipe.
-   Specifically, it's the operating mode where the drain-source voltage (VDS) is high enough to ""pinch off"" the channel. This means the channel is constricted near the drain.
-   Even though the channel is pinched off, current *still* flows. The current becomes mostly independent of VDS and depends mainly on the gate-source voltage (VGS).

**In simpler terms:** The transistor is ""fully on"" and the current is at its maximum, but it's not increasing much, even if you increase the voltage.","Yep! Here's a clear breakdown: Saturation Region - Happens when gate voltage (VGS) is high enough to form a channel - And drain voltage (VDS) is also high enough that the channel pinches off at the drain - Current becomes mostly constant and depends on VGS, not VDS Imagine water flowing steadily through a nozzle â€” increasing pressure at the end doesnâ€™t change the flow much anymore!",
When does a MOSFET operate in the triode region?,"Based on the provided context, here's when a MOSFET operates in the triode region:

*   **When VDS is small:** The text mentions that when VDS (drain-source voltage) is small, the MOSFET operates in the triode region.

*   **When VGS is kept constant:** The example in the text shows the MOSFET operating in the triode region when VGS (gate-source voltage) is kept constant and ID (drain current) is reduced.

*   **In relation to VOV:** In the triode region, the text implies that VDS is less than VOV (overdrive voltage).

I hope this helps!",Of course! Hereâ€™s the simplified view: Triode Region - When VGS > VT (channel is formed) and VDS is small (drain isnâ€™t pulling too hard) - The MOSFET behaves like a resistor â€” current depends on both VGS and VDS Like a tap where both how far itâ€™s turned (gate) and the water pressure (drain) matter for flow!,
How do MOSFETs behave as a switch?,"Okay, based on the provided text, let's break down how MOSFETs can act as switches:

### MOSFETs as Switches ðŸš¦

*   **The Gate's Control:** The voltage applied to the gate terminal controls the current flow between the source and drain.
*   **Insulation is Key:** The gate is insulated from the device body. This insulation allows for extremely small current in the gate terminal.
*   **On or Off:**
    *   By controlling the gate voltage, you can essentially turn the MOSFET ""on"" (allowing current to flow) or ""off"" (blocking the current).
    *   Think of the gate voltage like a switch that opens or closes a path for current.
*   **Three Terminals:** For the purposes of switching, you can think of the MOSFET as a three-terminal device: gate, source, and drain.
*   **Reverse Biasing:** The substrate forms pn junctions with the source and drain, and these are kept reverse biased. This is important for the switching behavior.

In essence, the MOSFET's ability to control current flow based on the gate voltage makes it a solid-state switch.",On it! Here's how: MOSFET as a Switch - When ON: VGS > VT ? channel forms ? current flows ? acts like a closed switch - When OFF: VGS < VT ? no channel ? no current ? open switch Itâ€™s like flicking a light switch â€” either the path is complete (light on) or itâ€™s broken (light off)!,
When do MOSFETs behave as an amplifier?,"Based on the context you provided, MOSFETs can behave as amplifiers when they are in the saturation region. The text mentions that the relationship between the drain current (iD) and the gate-source voltage (vGS) is nonlinear, which is a concern for those designing linear amplifiers. However, the text also states that linear amplification can be obtained from this nonlinear control or transfer characteristic.",Sure thing! MOSFET as an Amplifier - Happens in the saturation region - Small changes in VGS cause large changes in drain current (ID) - This change gets translated into a voltage gain through a load resistor Like a microphone boosting your whisper into a loudspeaker!,
Explain the finite output resistance in saturation region of MOSFETs.,"Alright, let's break down the finite output resistance in the saturation region of MOSFETs.

### Finite Output Resistance in MOSFETs ðŸ’¡

-   **The Ideal vs. Reality:** Ideally, in the saturation region, the drain current (ID) should be independent of the drain-source voltage (VDS). Think of it as a perfect current source. However, in real life, ID does change slightly with VDS.
-   **Channel Length Modulation:** This change is due to a phenomenon called channel-length modulation. As VDS increases, the effective channel length in the MOSFET decreases.
-   **Output Resistance (ro):** Because of channel length modulation, we introduce the output resistance (ro) to the MOSFET model. It models the linear dependence of ID on VDS.
-   **Early Voltage (VA):** The output resistance is related to the Early voltage (VA), which is a measure of how much the channel length changes with VDS.
    -   VA = V'A \* L, where V'A is a process-dependent parameter and L is the channel length.
-   **Formula:** The output resistance is given by: ro = VA / ID

**In Simple Terms:** Imagine the MOSFET as a water hose. The gate voltage controls the water flow (current). In an ideal hose, the water flow doesn't change if you pull or stretch the hose a little (VDS). But in a real hose (MOSFET), stretching it (increasing VDS) slightly reduces the effective length of the hose, which can influence the water flow (ID). The output resistance captures this effect.","Great question! Here's a friendly breakdown: Finite Output Resistance - Even in saturation, drain current isnâ€™t perfectly constant - Due to channel length modulation â€” the effective channel shortens slightly with more VDS - That causes a small slope in the ID-VDS curve (i.e., finite resistance) Think of it like a garden hose â€” even when flow seems stable, bending it slightly changes the pressure a bit!",
